tic,fyear,sale,ni,act,lct,invt,profit_margin,profit_margin_pct,quick_ratio,current_ratio
MSFT,2019,125843.0,39240.0,175552.0,69420.0,2063.0,0.3118171054409065,31.181710544090652,2.4991212906943243,2.5288389513108616
MSFT,2020,143015.0,44281.0,181915.0,72310.0,1895.0,0.3096248645247002,30.962486452470024,2.489558843866685,2.5157654542940118
MSFT,2021,168088.0,61271.0,184406.0,88657.0,2636.0,0.36451739564989766,36.451739564989765,2.0502611186933914,2.0799936835218875
MSFT,2022,198270.0,72738.0,169684.0,95082.0,3742.0,0.3668633681343622,36.68633681343622,1.7452514671546664,1.7846069708251824
MSFT,2023,211915.0,72361.0,184257.0,104149.0,2500.0,0.3414623787839464,34.14623787839464,1.745163179675273,1.76916725076573
MSFT,2024,245122.0,88136.0,159734.0,125286.0,1246.0,0.35955972944084985,35.955972944084984,1.2650096579027186,1.2749549031815206
