tic,fyear,sale,ni,act,lct,invt,profit_margin,profit_margin_pct,quick_ratio,current_ratio
NFLX,2019,20156.447,1866.916,6178.504,6855.696,0.0,0.09262128389988572,9.262128389988572,0.9012219911734709,0.9012219911734709
NFLX,2020,24996.056,2761.395,9761.58,7805.785,0.0,0.11047322825648974,11.047322825648974,1.2505571188547981,1.2505571188547981
NFLX,2021,29697.844,5116.228,8069.825,8488.966,0.0,0.17227607499049424,17.227607499049423,0.950625199818211,0.950625199818211
NFLX,2022,31615.55,4491.924,9266.473,7930.974,0.0,0.14207957792921522,14.207957792921523,1.168390288506809,1.168390288506809
NFLX,2023,33723.297,5407.99,9918.133,8860.655,0.0,0.16036362043723068,16.036362043723067,1.119345353136986,1.119345353136986
NFLX,2024,39000.966,8711.631,13100.379,10755.4,0.0,0.22336962115246067,22.336962115246067,1.2180280603231866,1.2180280603231866
