tic,fyear,sale,ni,act,lct,invt,profit_margin,profit_margin_pct,quick_ratio,current_ratio
TSLA,2019,24578.0,-862.0,12103.0,10667.0,3552.0,-0.03507201562372854,-3.507201562372854,0.8016311990250304,1.1346207931002157
TSLA,2020,31536.0,721.0,26717.0,14248.0,4101.0,0.022862760020294266,2.2862760020294264,1.5873104997192589,1.8751403705783267
TSLA,2021,53823.0,5519.0,27100.0,19705.0,5757.0,0.10253980640246735,10.253980640246734,1.083126110124334,1.3752854605430094
TSLA,2022,81462.0,12556.0,40917.0,26709.0,12839.0,0.15413321548697553,15.413321548697553,1.0512561308922086,1.53195552061103
TSLA,2023,96773.0,14997.0,49616.0,28748.0,13626.0,0.15497091130790613,15.497091130790613,1.2519131765688047,1.7258939752330598
TSLA,2024,97690.0,7091.0,58360.0,28821.0,12017.0,0.07258675401781145,7.2586754017811455,1.6079594739946568,2.024912390270983
